"Category","Term","Count","List Total","Pop Hits","Pop Total","P-Value","Benjamini","Fold Enrichment","Bonferroni","FDR","Fisher Exact","User Ids"
"GOTERM_BP_DIRECT","cell division","18","53","428","18975","7.53e-16","8.12e-13","15.06","8.39e-13","7.69e-13","4.81e-17","RB1,UBE2C,PLK1,NCAPG,CENPA,AURKA,CDC20,CCNB2,CCNB1,MELK,PTTG1,CCND1,CDK4,BIRC5,NEK2,KIF2C,BUB1,MAD2L1"
"GOTERM_BP_DIRECT","chromosome segregation","9","53","110","18975","6.00e-10","3.24e-7","29.29","6.47e-7","3.07e-7","1.90e-11","TOP2A,PTTG1,BIRC5,TTK,KIF2C,NEK2,BRCA1,MKI67,BUB1"
"GOTERM_BP_DIRECT","chromatin remodeling","12","53","327","18975","1.08e-9","3.90e-7","13.14","1.17e-6","3.69e-7","7.95e-11","FOXA1,RB1,MYC,CHEK1,BRCA1,GATA3,BRCA2,ESR1,BUB1,ACTB,EZH2,AURKA"
"GOTERM_BP_DIRECT","cell population proliferation","11","53","267","18975","2.42e-9","5.22e-7","14.75","2.61e-6","4.94e-7","1.58e-10","RB1,MELK,CCND1,MYC,ERBB2,AKT1,GATA3,MKI67,BRCA2,TP53,EGFR"
"GOTERM_BP_DIRECT","regulation of cell cycle","11","53","267","18975","2.42e-9","5.22e-7","14.75","2.61e-6","4.94e-7","1.58e-10","FOXA1,RB1,CCND1,CDK4,PLK1,PTEN,E2F1,BRCA1,TP53,DTL,ACTB"
"GOTERM_BP_DIRECT","G2/M transition of mitotic cell cycle","7","53","54","18975","7.35e-9","1.32e-6","46.41","7.93e-6","1.25e-6","1.41e-10","CDC20,CCNB1,MELK,PLK1,CHEK1,BIRC5,AURKA"
"GOTERM_BP_DIRECT","mitotic spindle assembly checkpoint signaling","6","53","30","18975","1.72e-8","2.65e-6","71.60","1.85e-5","2.51e-6","2.00e-10","CDC20,PLK1,BIRC5,TTK,BUB1,MAD2L1"
"GOTERM_BP_DIRECT","G1/S transition of mitotic cell cycle","7","53","86","18975","1.25e-7","1.69e-5","29.14","1.35e-4","1.60e-5","3.99e-9","RB1,CCNB2,CCNB1,CCND1,CDK4,MYC,EZH2"
"GOTERM_BP_DIRECT","negative regulation of gene expression","10","53","348","18975","3.89e-7","4.29e-5","10.29","4.19e-4","4.07e-5","3.66e-8","RB1,CCNB1,PIK3CA,AKT1,PGR,GATA3,ESR1,TP53,EZH2,AURKA"
"GOTERM_BP_DIRECT","positive regulation of fibroblast proliferation","6","53","55","18975","3.98e-7","4.29e-5","39.06","4.29e-4","4.07e-5","9.26e-9","CCNB1,CDK4,MYC,E2F1,ESR1,EGFR"
"GOTERM_BP_DIRECT","positive regulation of G2/M transition of mitotic cell cycle","5","53","29","18975","1.13e-6","1.11e-4","61.73","1.22e-3","1.05e-4","1.58e-8","CCNB1,CCND1,CDK4,CHEK1,DTL"
"GOTERM_BP_DIRECT","regulation of gene expression","10","53","416","18975","1.71e-6","1.54e-4","8.61","1.85e-3","1.46e-4","1.94e-7","FOXA1,PIK3CA,CDH1,CDK4,MYC,CHEK1,PGR,TOB2,ESR1,EZH2"
"GOTERM_BP_DIRECT","positive regulation of mitotic cell cycle","5","53","36","18975","2.77e-6","2.30e-4","49.72","2.98e-3","2.18e-4","4.95e-8","FOXA1,CCNB1,BIRC5,BRCA2,AURKA"
"GOTERM_BP_DIRECT","DNA damage response","11","53","578","18975","3.18e-6","2.45e-4","6.81","3.42e-3","2.32e-4","4.55e-7","TOP2A,FEN1,PCNA,PTTG1,CCND1,MYC,CHEK1,BRCA1,BRCA2,TP53,DTL"
"GOTERM_BP_DIRECT","phosphatidylinositol 3-kinase/protein kinase B signal transduction","6","53","94","18975","5.79e-6","4.17e-4","22.85","6.23e-3","3.95e-4","2.39e-7","PIK3CA,ERBB2,PTEN,AKT1,GATA3,EGFR"
"GOTERM_BP_DIRECT","apoptotic process","12","53","777","18975","6.57e-6","4.43e-4","5.53","7.06e-3","4.20e-4","1.16e-6","RB1,MELK,CHEK1,PTEN,E2F1,BIRC5,AKT1,GAPDH,TP53,BUB1,AURKA,MCM2"
"GOTERM_BP_DIRECT","chromosome organization","5","53","52","18975","1.23e-5","7.82e-4","34.42","1.32e-2","7.40e-4","3.30e-7","RB1,PTTG1,MYC,BRCA2,TP53"
"GOTERM_BP_DIRECT","positive regulation of cell population proliferation","10","53","540","18975","1.42e-5","8.49e-4","6.63","1.52e-2","8.04e-4","2.08e-6","CDC20,CCND1,CDK4,MYC,PTEN,BIRC5,TTK,EGFR,ACTB,EZH2"
"GOTERM_BP_DIRECT","mitotic spindle organization","5","53","58","18975","1.91e-5","1.08e-3","30.86","2.04e-2","1.03e-3","5.74e-7","CCNB1,PLK1,BIRC5,TTK,AURKA"
"GOTERM_BP_DIRECT","positive regulation of transcription by RNA polymerase II","14","53","1240","18975","2.15e-5","1.16e-3","4.04","2.29e-2","1.10e-3","5.19e-6","FOXA1,RB1,TOP2A,PTEN,BRCA1,GATA3,ESR1,EGFR,MUC1,MYC,E2F1,AKT1,PGR,TP53"
"GOTERM_BP_DIRECT","positive regulation of miRNA transcription","5","53","61","18975","2.33e-5","1.20e-3","29.35","2.48e-2","1.13e-3","7.40e-7","FOXA1,MYC,GATA3,TP53,EGFR"
"GOTERM_BP_DIRECT","cellular response to xenobiotic stimulus","5","53","67","18975","3.38e-5","1.66e-3","26.72","3.58e-2","1.57e-3","1.19e-6","RB1,PCNA,MYC,E2F1,TP53"
"GOTERM_BP_DIRECT","regulation of mitotic cell cycle","5","53","75","18975","5.28e-5","2.48e-3","23.87","5.54e-2","2.35e-3","2.09e-6","RB1,CDC20,PLK1,BIRC5,TP53"
"GOTERM_BP_DIRECT","liver regeneration","4","53","29","18975","6.74e-5","3.03e-3","49.38","7.02e-2","2.87e-3","1.22e-6","PCNA,CCND1,EZH2,AURKA"
"GOTERM_BP_DIRECT","response to xenobiotic stimulus","7","53","258","18975","7.19e-5","3.04e-3","9.71","7.46e-2","2.88e-3","7.16e-6","CCNB1,CCND1,CDH1,CDK4,MYC,GATA3,TP53"
"GOTERM_BP_DIRECT","response to UV-A","3","53","5","18975","7.33e-5","3.04e-3","214.81","7.60e-2","2.88e-3","2.05e-7","CCND1,AKT1,EGFR"
"GOTERM_BP_DIRECT","response to estradiol","5","53","87","18975","9.44e-5","3.77e-3","20.58","9.68e-2","3.57e-3","4.35e-6","FOXA1,PCNA,CCND1,ESR1,EZH2"
"GOTERM_BP_DIRECT","negative regulation of apoptotic process","9","53","540","18975","1.02e-4","3.84e-3","5.97","1.04e-1","3.63e-3","1.66e-5","KRT18,MYC,ERBB2,PLK1,BIRC5,AKT1,TP53,EGFR,AURKA"
"GOTERM_BP_DIRECT","double-strand break repair","5","53","89","18975","1.03e-4","3.84e-3","20.11","1.05e-1","3.63e-3","4.87e-6","FEN1,PLK1,BRCA1,BRCA2,TP53"
"GOTERM_BP_DIRECT","mitotic G2 DNA damage checkpoint signaling","4","53","37","18975","1.41e-4","5.08e-3","38.70","1.41e-1","4.81e-3","3.35e-6","PLK1,CHEK1,BRCA1,DTL"
"GOTERM_BP_DIRECT","mitotic sister chromatid segregation","4","53","38","18975","1.53e-4","5.33e-3","37.69","1.52e-1","5.05e-3","3.73e-6","PLK1,KIF2C,NEK2,MAD2L1"
"GOTERM_BP_DIRECT","regulation of cytokinesis","4","53","40","18975","1.79e-4","6.02e-3","35.80","1.75e-1","5.70e-3","4.60e-6","PLK1,KIF20A,BRCA2,AURKA"
"GOTERM_BP_DIRECT","regulation of developmental process","4","53","41","18975","1.92e-4","6.29e-3","34.93","1.87e-1","5.95e-3","5.09e-6","ERBB2,PTEN,GATA3,EGFR"
"GOTERM_BP_DIRECT","positive regulation of ubiquitin protein ligase activity","3","53","9","18975","2.62e-4","8.31e-3","119.34","2.46e-1","7.87e-3","1.71e-6","CDC20,UBE2C,PLK1"
"GOTERM_BP_DIRECT","neuron differentiation","6","53","225","18975","3.70e-4","1.14e-2","9.55","3.29e-1","1.08e-2","3.75e-5","FOXA1,RB1,CCND1,ERBB2,GATA3,EGFR"
"GOTERM_BP_DIRECT","positive regulation of G1/S transition of mitotic cell cycle","4","53","52","18975","3.90e-4","1.17e-2","27.54","3.44e-1","1.11e-2","1.33e-5","RRM2,CCND1,AKT1,EGFR"
"GOTERM_BP_DIRECT","negative regulation of transcription by RNA polymerase II","11","53","1030","18975","4.18e-4","1.22e-2","3.82","3.63e-1","1.16e-2","1.06e-4","FOXA1,RB1,PCNA,CCND1,MYC,PLK1,E2F1,GATA3,ESR1,TP53,EZH2"
"GOTERM_BP_DIRECT","positive regulation of gene expression","8","53","511","18975","4.62e-4","1.27e-2","5.60","3.93e-1","1.20e-2","8.00e-5","MYC,ERBB2,E2F1,AKT1,PGR,BRCA1,GATA3,TP53"
"GOTERM_BP_DIRECT","anoikis","3","53","12","18975","4.78e-4","1.27e-2","89.50","4.03e-1","1.20e-2","4.45e-6","PIK3CA,E2F1,AKT1"
"GOTERM_BP_DIRECT","intrinsic apoptotic signaling pathway in response to DNA damage","4","53","56","18975","4.86e-4","1.27e-2","25.57","4.08e-1","1.20e-2","1.79e-5","MYC,E2F1,BRCA1,BRCA2"
"GOTERM_BP_DIRECT","cellular response to UV","4","53","56","18975","4.86e-4","1.27e-2","25.57","4.08e-1","1.20e-2","1.79e-5","PCNA,MYC,PBK,TP53"
"GOTERM_BP_DIRECT","DNA replication","5","53","134","18975","4.95e-4","1.27e-2","13.36","4.14e-1","1.20e-2","3.56e-5","FEN1,PCNA,CHEK1,DTL,MCM2"
"GOTERM_BP_DIRECT","regulation of G1/S transition of mitotic cell cycle","4","53","58","18975","5.39e-4","1.35e-2","24.69","4.41e-1","1.28e-2","2.06e-5","RB1,CCND1,E2F1,ACTB"
"GOTERM_BP_DIRECT","positive regulation of mitotic metaphase/anaphase transition","3","53","13","18975","5.64e-4","1.38e-2","82.62","4.56e-1","1.31e-2","5.77e-6","RB1,CDC20,UBE2C"
"GOTERM_BP_DIRECT","mitotic cell cycle","5","53","141","18975","6.00e-4","1.44e-2","12.70","4.77e-1","1.36e-2","4.55e-5","PLK1,PBK,BIRC5,NEK2,AURKA"
"GOTERM_BP_DIRECT","protein phosphorylation","6","53","261","18975","7.27e-4","1.70e-2","8.23","5.44e-1","1.61e-2","8.54e-5","ERBB2,PLK1,CHEK1,AKT1,NEK2,AURKA"
"GOTERM_BP_DIRECT","mitotic cytokinesis","4","53","69","18975","8.95e-4","2.06e-2","20.75","6.20e-1","1.95e-2","4.10e-5","PLK1,BIRC5,KIF20A,CENPA"
"GOTERM_BP_DIRECT","epidermal growth factor receptor signaling pathway","4","53","71","18975","9.73e-4","2.11e-2","20.17","6.50e-1","1.99e-2","4.59e-5","PIK3CA,ERBB2,AKT1,EGFR"
"GOTERM_BP_DIRECT","mitotic G1 DNA damage checkpoint signaling","3","53","17","18975","9.76e-4","2.11e-2","63.18","6.51e-1","1.99e-2","1.36e-5","MUC1,CCND1,TP53"
"GOTERM_BP_DIRECT","hepatocyte apoptotic process","3","53","17","18975","9.76e-4","2.11e-2","63.18","6.51e-1","1.99e-2","1.36e-5","RB1,KRT18,KRT8"
"GOTERM_BP_DIRECT","response to X-ray","3","53","19","18975","1.22e-3","2.59e-2","56.53","7.33e-1","2.45e-2","1.93e-5","CCND1,BRCA2,TP53"
"GOTERM_BP_DIRECT","positive regulation of DNA-templated transcription","9","53","789","18975","1.28e-3","2.66e-2","4.08","7.49e-1","2.52e-2","3.04e-4","CDH1,MYC,E2F1,BRCA1,GATA3,BRCA2,ESR1,TP53,ACTB"
"GOTERM_BP_DIRECT","anaphase-promoting complex-dependent catabolic process","3","53","23","18975","1.80e-3","3.59e-2","46.70","8.56e-1","3.40e-2","3.50e-5","CDC20,UBE2C,AKT1"
"GOTERM_BP_DIRECT","negative regulation of DNA-templated transcription","8","53","645","18975","1.80e-3","3.59e-2","4.44","8.57e-1","3.40e-2","3.92e-4","RB1,E2F1,BIRC5,BRCA1,GATA3,TOB2,TP53,EZH2"
"GOTERM_BP_DIRECT","cellular response to interleukin-4","3","53","24","18975","1.96e-3","3.84e-2","44.75","8.79e-1","3.63e-2","4.00e-5","CDK4,GATA3,MCM2"
"GOTERM_BP_DIRECT","regulation of cell population proliferation","5","53","203","18975","2.30e-3","4.44e-2","8.82","9.17e-1","4.21e-2","2.52e-4","ERBB2,CHEK1,TP53,EGFR,EZH2"
"GOTERM_BP_DIRECT","response to gamma radiation","3","53","28","18975","2.66e-3","5.04e-2","38.36","9.44e-1","4.77e-2","6.42e-5","GATA3,BRCA2,TP53"
"GOTERM_BP_DIRECT","proteasome-mediated ubiquitin-dependent protein catabolic process","6","53","353","18975","2.75e-3","5.12e-2","6.09","9.49e-1","4.84e-2","4.36e-4","UBE2C,MYC,PBK,AKT1,DTL,AURKA"
"GOTERM_BP_DIRECT","negative regulation of mitotic cell cycle","3","53","29","18975","2.85e-3","5.22e-2","37.04","9.54e-1","4.94e-2","7.14e-5","RB1,TP53,MAD2L1"
"GOTERM_BP_DIRECT","protein localization to chromatin","3","53","32","18975","3.47e-3","6.23e-2","33.56","9.76e-1","5.90e-2","9.64e-5","PLK1,ESR1,EZH2"
"GOTERM_BP_DIRECT","regulation of mitotic metaphase/anaphase transition","3","53","34","18975","3.91e-3","6.91e-2","31.59","9.85e-1","6.55e-2","1.16e-4","UBE2C,PLK1,ACTB"
"GOTERM_BP_DIRECT","protein autophosphorylation","4","53","118","18975","4.15e-3","7.22e-2","12.14","9.89e-1","6.84e-2","3.29e-4","MELK,AKT1,NEK2,AURKA"
"GOTERM_BP_DIRECT","establishment of mitotic spindle orientation","3","53","37","18975","4.61e-3","7.86e-2","29.03","9.93e-1","7.44e-2","1.49e-4","PLK1,CENPA,MAD2L1"
"GOTERM_BP_DIRECT","double-strand break repair via homologous recombination","4","53","123","18975","4.66e-3","7.86e-2","11.64","9.94e-1","7.44e-2","3.85e-4","FEN1,PLK1,BRCA1,BRCA2"
"GOTERM_BP_DIRECT","regulation of apoptotic process","5","53","267","18975","6.11e-3","9.95e-2","6.70","9.99e-1","9.42e-2","8.79e-4","MYC,BIRC5,AKT1,TP53,ACTB"
"GOTERM_BP_DIRECT","regulation of signal transduction by p53 class mediator","3","53","43","18975","6.19e-3","9.95e-2","24.98","9.99e-1","9.42e-2","2.35e-4","CHEK1,AKT1,AURKA"
"GOTERM_BP_DIRECT","cellular response to ionizing radiation","3","53","43","18975","6.19e-3","9.95e-2","24.98","9.99e-1","9.42e-2","2.35e-4","BRCA1,BRCA2,TP53"
"GOTERM_BP_DIRECT","DNA repair","6","53","429","18975","6.27e-3","9.95e-2","5.01","9.99e-1","9.42e-2","1.21e-3","FEN1,PCNA,PTTG1,CHEK1,BRCA1,BRCA2"
"GOTERM_BP_DIRECT","regulation of neuron projection development","3","53","44","18975","6.47e-3","1.01e-1","24.41","9.99e-1","9.59e-2","2.51e-4","PTEN,AKT1,GATA3"
"GOTERM_BP_DIRECT","cellular response to hypoxia","4","53","140","18975","6.67e-3","1.03e-1","10.23","9.99e-1","9.74e-2","6.28e-4","CCNB1,MYC,E2F1,TP53"
"GOTERM_BP_DIRECT","mitotic spindle assembly","3","53","46","18975","7.06e-3","1.07e-1","23.35","1.00e+0","1.02e-1","2.87e-4","CDC20,BIRC5,NEK2"
"GOTERM_BP_DIRECT","cellular response to epidermal growth factor stimulus","3","53","47","18975","7.36e-3","1.07e-1","22.85","1.00e+0","1.02e-1","3.06e-4","ERBB2,AKT1,EGFR"
"GOTERM_BP_DIRECT","positive regulation of DNA repair","3","53","47","18975","7.36e-3","1.07e-1","22.85","1.00e+0","1.02e-1","3.06e-4","PCNA,BRCA1,EGFR"
"GOTERM_BP_DIRECT","peptidyl-serine phosphorylation","3","53","47","18975","7.36e-3","1.07e-1","22.85","1.00e+0","1.02e-1","3.06e-4","PLK1,AKT1,AURKA"
"GOTERM_BP_DIRECT","rhythmic process","4","53","151","18975","8.21e-3","1.18e-1","9.48","1.00e+0","1.12e-1","8.34e-4","TOP2A,TP53,DTL,EZH2"
"GOTERM_BP_DIRECT","DNA damage response, signal transduction by p53 class mediator","3","53","50","18975","8.30e-3","1.18e-1","21.48","1.00e+0","1.12e-1","3.68e-4","MUC1,BRCA2,TP53"
"GOTERM_BP_DIRECT","centrosome cycle","3","53","51","18975","8.62e-3","1.19e-1","21.06","1.00e+0","1.13e-1","3.90e-4","PLK1,BRCA1,AURKA"
"GOTERM_BP_DIRECT","response to estrogen","3","53","51","18975","8.62e-3","1.19e-1","21.06","1.00e+0","1.13e-1","3.90e-4","CCND1,GATA3,ESR1"
"GOTERM_BP_DIRECT","negative regulation of epithelial to mesenchymal transition","3","53","53","18975","9.28e-3","1.27e-1","20.27","1.00e+0","1.20e-1","4.37e-4","FOXA1,PTEN,GATA3"
"GOTERM_BP_DIRECT","positive regulation of anaphase-promoting complex-dependent catabolic process","2","53","4","18975","1.09e-2","1.44e-1","179.01","1.00e+0","1.36e-1","4.58e-5","CDC20,AKT1"
"GOTERM_BP_DIRECT","female meiosis chromosome segregation","2","53","4","18975","1.09e-2","1.44e-1","179.01","1.00e+0","1.36e-1","4.58e-5","PLK1,TTK"
"GOTERM_BP_DIRECT","spindle assembly involved in female meiosis I","2","53","4","18975","1.09e-2","1.44e-1","179.01","1.00e+0","1.36e-1","4.58e-5","CCNB2,AURKA"
"GOTERM_BP_DIRECT","negative regulation of G1/S transition of mitotic cell cycle","3","53","58","18975","1.10e-2","1.44e-1","18.52","1.00e+0","1.36e-1","5.70e-4","RB1,PTEN,EZH2"
"GOTERM_BP_DIRECT","negative regulation of cell cycle","3","53","59","18975","1.14e-2","1.47e-1","18.20","1.00e+0","1.39e-1","5.99e-4","RB1,BRCA1,GATA3"
"GOTERM_BP_DIRECT","regulation of transcription by RNA polymerase II","11","53","1628","18975","1.19e-2","1.51e-1","2.42","1.00e+0","1.43e-1","4.71e-3","FOXA1,RB1,MYC,E2F1,PGR,BRCA1,GATA3,ESR1,TP53,ACTB,EZH2"
"GOTERM_BP_DIRECT","tumor necrosis factor-mediated signaling pathway","3","53","61","18975","1.22e-2","1.51e-1","17.61","1.00e+0","1.43e-1","6.60e-4","KRT18,KRT8,TP53"
"GOTERM_BP_DIRECT","SCF-dependent proteasomal ubiquitin-dependent protein catabolic process","3","53","61","18975","1.22e-2","1.51e-1","17.61","1.00e+0","1.43e-1","6.60e-4","CDC20,UBE2C,AKT1"
"GOTERM_BP_DIRECT","positive regulation of apoptotic process","5","53","333","18975","1.30e-2","1.60e-1","5.38","1.00e+0","1.51e-1","2.33e-3","FOXA1,TOP2A,MELK,E2F1,TP53"
"GOTERM_BP_DIRECT","regulation of mitotic centrosome separation","2","53","5","18975","1.36e-2","1.60e-1","143.21","1.00e+0","1.51e-1","7.61e-5","CHEK1,NEK2"
"GOTERM_BP_DIRECT","negative regulation of mammary gland epithelial cell proliferation","2","53","5","18975","1.36e-2","1.60e-1","143.21","1.00e+0","1.51e-1","7.61e-5","GATA3,BRCA2"
"GOTERM_BP_DIRECT","positive regulation of exit from mitosis","2","53","5","18975","1.36e-2","1.60e-1","143.21","1.00e+0","1.51e-1","7.61e-5","UBE2C,BIRC5"
"GOTERM_BP_DIRECT","cellular response to indole-3-methanol","2","53","5","18975","1.36e-2","1.60e-1","143.21","1.00e+0","1.51e-1","7.61e-5","CDH1,BRCA1"
"GOTERM_BP_DIRECT","glucose metabolic process","3","53","70","18975","1.58e-2","1.83e-1","15.34","1.00e+0","1.74e-1","9.87e-4","PIK3CA,AKT1,GAPDH"
"GOTERM_BP_DIRECT","centrosome separation","2","53","6","18975","1.63e-2","1.86e-1","119.34","1.00e+0","1.76e-1","1.14e-4","PLK1,NEK2"
"GOTERM_BP_DIRECT","steroid hormone receptor signaling pathway","2","53","6","18975","1.63e-2","1.86e-1","119.34","1.00e+0","1.76e-1","1.14e-4","PGR,ESR1"
"GOTERM_BP_DIRECT","protein ubiquitination","6","53","548","18975","1.68e-2","1.89e-1","3.92","1.00e+0","1.79e-1","4.10e-3","CDC20,UBE2C,PLK1,AKT1,BRCA1,DTL"
"GOTERM_BP_DIRECT","positive regulation of epithelial cell proliferation","3","53","74","18975","1.75e-2","1.95e-1","14.51","1.00e+0","1.85e-1","1.16e-3","MYC,ERBB2,EGFR"
"GOTERM_BP_DIRECT","homologous chromosome segregation","2","53","7","18975","1.90e-2","2.10e-1","102.29","1.00e+0","1.98e-1","1.59e-4","PTTG1,PLK1"
"GOTERM_BP_DIRECT","cellular response to growth factor stimulus","3","53","78","18975","1.94e-2","2.11e-1","13.77","1.00e+0","2.00e-1","1.35e-3","ERBB2,AKT1,EGFR"
"GOTERM_BP_DIRECT","regulation of DNA-templated transcription","10","53","1502","18975","1.98e-2","2.13e-1","2.38","1.00e+0","2.02e-1","7.91e-3","FOXA1,RB1,MYC,E2F1,PGR,GATA3,BRCA2,ESR1,TP53,EZH2"
"GOTERM_BP_DIRECT","positive regulation of proteasomal ubiquitin-dependent protein catabolic process","3","53","80","18975","2.03e-2","2.17e-1","13.43","1.00e+0","2.06e-1","1.45e-3","PLK1,AKT1,AURKA"
"GOTERM_BP_DIRECT","positive regulation of mitotic cell cycle phase transition","2","53","8","18975","2.17e-2","2.23e-1","89.50","1.00e+0","2.11e-1","2.12e-4","RRM2,CCND1"
"GOTERM_BP_DIRECT","regulation of type B pancreatic cell proliferation","2","53","8","18975","2.17e-2","2.23e-1","89.50","1.00e+0","2.11e-1","2.12e-4","CDK4,BIRC5"
"GOTERM_BP_DIRECT","ERBB2-EGFR signaling pathway","2","53","8","18975","2.17e-2","2.23e-1","89.50","1.00e+0","2.11e-1","2.12e-4","ERBB2,EGFR"
"GOTERM_BP_DIRECT","protein localization to chromosome, centromeric region","2","53","8","18975","2.17e-2","2.23e-1","89.50","1.00e+0","2.11e-1","2.12e-4","RB1,CENPA"
"GOTERM_BP_DIRECT","nuclear division","2","53","9","18975","2.44e-2","2.46e-1","79.56","1.00e+0","2.33e-1","2.72e-4","PLK1,TTK"
"GOTERM_BP_DIRECT","negative regulation of stress-activated MAPK cascade","2","53","9","18975","2.44e-2","2.46e-1","79.56","1.00e+0","2.33e-1","2.72e-4","MYC,PBK"
"GOTERM_BP_DIRECT","positive regulation of cell growth","3","53","89","18975","2.48e-2","2.48e-1","12.07","1.00e+0","2.35e-1","1.97e-3","ERBB2,AKT1,EGFR"
"GOTERM_BP_DIRECT","hemopoiesis","3","53","91","18975","2.58e-2","2.56e-1","11.80","1.00e+0","2.42e-1","2.10e-3","MELK,BRCA2,EZH2"
"GOTERM_BP_DIRECT","mitotic cell cycle phase transition","2","53","10","18975","2.71e-2","2.66e-1","71.60","1.00e+0","2.52e-1","3.40e-4","CCNB2,CCNB1"
"GOTERM_BP_DIRECT","mitotic nuclear membrane disassembly","2","53","11","18975","2.97e-2","2.77e-1","65.09","1.00e+0","2.62e-1","4.14e-4","PLK1,CHEK1"
"GOTERM_BP_DIRECT","chordate embryonic development","2","53","11","18975","2.97e-2","2.77e-1","65.09","1.00e+0","2.62e-1","4.14e-4","BRCA1,BRCA2"
"GOTERM_BP_DIRECT","positive regulation of mitotic cell cycle spindle assembly checkpoint","2","53","11","18975","2.97e-2","2.77e-1","65.09","1.00e+0","2.62e-1","4.14e-4","BIRC5,MAD2L1"
"GOTERM_BP_DIRECT","cellular response to interferon-alpha","2","53","11","18975","2.97e-2","2.77e-1","65.09","1.00e+0","2.62e-1","4.14e-4","MYC,GATA3"
"GOTERM_BP_DIRECT","positive regulation of transcription regulatory region DNA binding","2","53","11","18975","2.97e-2","2.77e-1","65.09","1.00e+0","2.62e-1","4.14e-4","RB1,GATA3"
"GOTERM_BP_DIRECT","negative regulation of glial cell proliferation","2","53","11","18975","2.97e-2","2.77e-1","65.09","1.00e+0","2.62e-1","4.14e-4","RB1,TP53"
"GOTERM_BP_DIRECT","neuron apoptotic process","3","53","99","18975","3.02e-2","2.78e-1","10.85","1.00e+0","2.64e-1","2.67e-3","RB1,GAPDH,TP53"
"GOTERM_BP_DIRECT","regulation of chromosome segregation","2","53","12","18975","3.24e-2","2.94e-1","59.67","1.00e+0","2.79e-1","4.96e-4","KIF2C,BUB1"
"GOTERM_BP_DIRECT","cellular response to insulin stimulus","3","53","103","18975","3.25e-2","2.94e-1","10.43","1.00e+0","2.79e-1","2.99e-3","RB1,PIK3CA,AKT1"
"GOTERM_BP_DIRECT","negative regulation of cell population proliferation","5","53","448","18975","3.41e-2","3.04e-1","4.00","1.00e+0","2.88e-1","8.12e-3","RB1,PTEN,GATA3,TOB2,TP53"
"GOTERM_BP_DIRECT","cellular response to tumor necrosis factor","3","53","106","18975","3.42e-2","3.04e-1","10.13","1.00e+0","2.88e-1","3.24e-3","AKT1,BRCA1,GATA3"
"GOTERM_BP_DIRECT","in utero embryonic development","4","53","260","18975","3.44e-2","3.04e-1","5.51","1.00e+0","2.88e-1","5.96e-3","CCNB2,CCNB1,GATA3,TP53"
"GOTERM_BP_DIRECT","response to growth factor","2","53","13","18975","3.51e-2","3.05e-1","55.08","1.00e+0","2.89e-1","5.85e-4","MYC,AKT1"
"GOTERM_BP_DIRECT","regulation of microtubule-based process","2","53","13","18975","3.51e-2","3.05e-1","55.08","1.00e+0","2.89e-1","5.85e-4","ERBB2,AURKA"
"GOTERM_BP_DIRECT","chromatin organization","5","53","457","18975","3.63e-2","3.13e-1","3.92","1.00e+0","2.97e-1","8.81e-3","FOXA1,TOP2A,RB1,PCNA,EZH2"
"GOTERM_BP_DIRECT","transcription by RNA polymerase II","4","53","268","18975","3.71e-2","3.16e-1","5.34","1.00e+0","3.00e-1","6.62e-3","RB1,MYC,GATA3,ESR1"
"GOTERM_BP_DIRECT","translesion synthesis","2","53","14","18975","3.77e-2","3.16e-1","51.15","1.00e+0","3.00e-1","6.82e-4","PCNA,DTL"
"GOTERM_BP_DIRECT","negative regulation of macroautophagy","2","53","14","18975","3.77e-2","3.16e-1","51.15","1.00e+0","3.00e-1","6.82e-4","PIK3CA,AKT1"
"GOTERM_BP_DIRECT","DNA recombination","3","53","112","18975","3.78e-2","3.16e-1","9.59","1.00e+0","3.00e-1","3.78e-3","FEN1,BRCA1,BRCA2"
"GOTERM_BP_DIRECT","heart development","4","53","276","18975","3.99e-2","3.27e-1","5.19","1.00e+0","3.10e-1","7.34e-3","PCNA,ERBB2,PTEN,TP53"
"GOTERM_BP_DIRECT","inner cell mass cell proliferation","2","53","15","18975","4.03e-2","3.27e-1","47.74","1.00e+0","3.10e-1","7.85e-4","CHEK1,BRCA2"
"GOTERM_BP_DIRECT","regulation of DNA damage checkpoint","2","53","15","18975","4.03e-2","3.27e-1","47.74","1.00e+0","3.10e-1","7.85e-4","BRCA1,BRCA2"
"GOTERM_BP_DIRECT","base-excision repair, gap-filling","2","53","15","18975","4.03e-2","3.27e-1","47.74","1.00e+0","3.10e-1","7.85e-4","FEN1,PCNA"
"GOTERM_BP_DIRECT","negative regulation of gene expression via chromosomal CpG island methylation","2","53","16","18975","4.30e-2","3.40e-1","44.75","1.00e+0","3.22e-1","8.96e-4","MYC,BRCA1"
"GOTERM_BP_DIRECT","regulation of G2/M transition of mitotic cell cycle","2","53","16","18975","4.30e-2","3.40e-1","44.75","1.00e+0","3.22e-1","8.96e-4","CDK4,AURKA"
"GOTERM_BP_DIRECT","replicative senescence","2","53","16","18975","4.30e-2","3.40e-1","44.75","1.00e+0","3.22e-1","8.96e-4","CHEK1,TP53"
"GOTERM_BP_DIRECT","negative regulation of cell growth","3","53","121","18975","4.35e-2","3.40e-1","8.88","1.00e+0","3.22e-1","4.70e-3","RB1,BRCA1,TP53"
"GOTERM_BP_DIRECT","cell morphogenesis","3","53","121","18975","4.35e-2","3.40e-1","8.88","1.00e+0","3.22e-1","4.70e-3","CDH1,GATA3,EGFR"
"GOTERM_BP_DIRECT","mammary gland alveolus development","2","53","17","18975","4.56e-2","3.54e-1","42.12","1.00e+0","3.35e-1","1.01e-3","CCND1,ESR1"
"GOTERM_BP_DIRECT","mitotic chromosome condensation","2","53","18","18975","4.82e-2","3.72e-1","39.78","1.00e+0","3.52e-1","1.14e-3","PLK1,NCAPG"
"GOTERM_BP_DIRECT","negative regulation of reactive oxygen species metabolic process","2","53","19","18975","5.08e-2","3.80e-1","37.69","1.00e+0","3.60e-1","1.27e-3","BRCA1,TP53"
"GOTERM_BP_DIRECT","glial cell proliferation","2","53","19","18975","5.08e-2","3.80e-1","37.69","1.00e+0","3.60e-1","1.27e-3","RB1,TP53"
"GOTERM_BP_DIRECT","response to dexamethasone","2","53","19","18975","5.08e-2","3.80e-1","37.69","1.00e+0","3.60e-1","1.27e-3","PCNA,PIK3CA"
"GOTERM_BP_DIRECT","striated muscle cell differentiation","2","53","19","18975","5.08e-2","3.80e-1","37.69","1.00e+0","3.60e-1","1.27e-3","RB1,AKT1"
"GOTERM_BP_DIRECT","cell migration","4","53","305","18975","5.10e-2","3.80e-1","4.70","1.00e+0","3.60e-1","1.03e-2","PIK3CA,CDH1,PTEN,AKT1"
"GOTERM_BP_DIRECT","spindle organization","2","53","20","18975","5.34e-2","3.92e-1","35.80","1.00e+0","3.71e-1","1.41e-3","TTK,AURKA"
"GOTERM_BP_DIRECT","positive regulation of peptidyl-serine phosphorylation","2","53","20","18975","5.34e-2","3.92e-1","35.80","1.00e+0","3.71e-1","1.41e-3","AKT1,EGFR"
"GOTERM_BP_DIRECT","mitotic G2/M transition checkpoint","2","53","21","18975","5.60e-2","4.08e-1","34.10","1.00e+0","3.87e-1","1.55e-3","CHEK1,BRCA1"
"GOTERM_BP_DIRECT","regulation of cell cycle process","2","53","23","18975","6.12e-2","4.40e-1","31.13","1.00e+0","4.17e-1","1.87e-3","MYC,PLK1"
"GOTERM_BP_DIRECT","regulation of mitotic nuclear division","2","53","23","18975","6.12e-2","4.40e-1","31.13","1.00e+0","4.17e-1","1.87e-3","NEK2,MKI67"
"GOTERM_BP_DIRECT","response to oxidative stress","3","53","148","18975","6.22e-2","4.44e-1","7.26","1.00e+0","4.21e-1","8.19e-3","PCNA,AKT1,TP53"
"GOTERM_BP_DIRECT","cellular response to fatty acid","2","53","24","18975","6.38e-2","4.47e-1","29.83","1.00e+0","4.23e-1","2.03e-3","CCNB1,E2F1"
"GOTERM_BP_DIRECT","TOR signaling","2","53","24","18975","6.38e-2","4.47e-1","29.83","1.00e+0","4.23e-1","2.03e-3","AKT1,GATA3"
"GOTERM_BP_DIRECT","uterus development","2","53","24","18975","6.38e-2","4.47e-1","29.83","1.00e+0","4.23e-1","2.03e-3","GATA3,ESR1"
"GOTERM_BP_DIRECT","protein localization to centrosome","2","53","25","18975","6.63e-2","4.53e-1","28.64","1.00e+0","4.29e-1","2.20e-3","PLK1,AURKA"
"GOTERM_BP_DIRECT","positive regulation of MAP kinase activity","2","53","25","18975","6.63e-2","4.53e-1","28.64","1.00e+0","4.29e-1","2.20e-3","ERBB2,EZH2"
"GOTERM_BP_DIRECT","peptidyl-threonine phosphorylation","2","53","25","18975","6.63e-2","4.53e-1","28.64","1.00e+0","4.29e-1","2.20e-3","CHEK1,AKT1"
"GOTERM_BP_DIRECT","positive regulation of protein metabolic process","2","53","25","18975","6.63e-2","4.53e-1","28.64","1.00e+0","4.29e-1","2.20e-3","AKT1,DTL"
"GOTERM_BP_DIRECT","spermatogenesis","5","53","560","18975","6.69e-2","4.54e-1","3.20","1.00e+0","4.30e-1","1.97e-2","RB1,CCNB1,PTTG1,E2F1,BRCA2"
"GOTERM_BP_DIRECT","negative regulation of inflammatory response","3","53","155","18975","6.74e-2","4.55e-1","6.93","1.00e+0","4.31e-1","9.29e-3","RB1,PBK,GATA3"
"GOTERM_BP_DIRECT","microtubule cytoskeleton organization","3","53","156","18975","6.82e-2","4.57e-1","6.88","1.00e+0","4.33e-1","9.46e-3","BIRC5,GAPDH,AURKA"
"GOTERM_BP_DIRECT","regulation of neuron apoptotic process","2","53","26","18975","6.89e-2","4.59e-1","27.54","1.00e+0","4.35e-1","2.38e-3","GATA3,TP53"
"GOTERM_BP_DIRECT","protein K6-linked ubiquitination","2","53","27","18975","7.15e-2","4.70e-1","26.52","1.00e+0","4.45e-1","2.57e-3","AKT1,BRCA1"
"GOTERM_BP_DIRECT","negative regulation of proteolysis","2","53","27","18975","7.15e-2","4.70e-1","26.52","1.00e+0","4.45e-1","2.57e-3","AKT1,TP53"
"GOTERM_BP_DIRECT","oocyte maturation","2","53","28","18975","7.40e-2","4.78e-1","25.57","1.00e+0","4.53e-1","2.76e-3","CCNB1,BRCA2"
"GOTERM_BP_DIRECT","negative regulation of DNA-binding transcription factor activity","2","53","28","18975","7.40e-2","4.78e-1","25.57","1.00e+0","4.53e-1","2.76e-3","RB1,ESR1"
"GOTERM_BP_DIRECT","chromosome condensation","2","53","28","18975","7.40e-2","4.78e-1","25.57","1.00e+0","4.53e-1","2.76e-3","TOP2A,NCAPG"
"GOTERM_BP_DIRECT","blastocyst development","2","53","29","18975","7.66e-2","4.84e-1","24.69","1.00e+0","4.59e-1","2.96e-3","RRM2,NEK2"
"GOTERM_BP_DIRECT","intrinsic apoptotic signaling pathway by p53 class mediator","2","53","29","18975","7.66e-2","4.84e-1","24.69","1.00e+0","4.59e-1","2.96e-3","E2F1,TP53"
"GOTERM_BP_DIRECT","positive regulation of DNA replication","2","53","29","18975","7.66e-2","4.84e-1","24.69","1.00e+0","4.59e-1","2.96e-3","PCNA,EGFR"
"GOTERM_BP_DIRECT","negative regulation of neuron apoptotic process","3","53","167","18975","7.67e-2","4.84e-1","6.43","1.00e+0","4.59e-1","1.14e-2","CCND1,PIK3CA,BIRC5"
"GOTERM_BP_DIRECT","anatomical structure morphogenesis","3","53","169","18975","7.83e-2","4.90e-1","6.36","1.00e+0","4.65e-1","1.17e-2","FOXA1,KRT18,GATA3"
"GOTERM_BP_DIRECT","nuclear receptor-mediated steroid hormone signaling pathway","2","53","30","18975","7.91e-2","4.90e-1","23.87","1.00e+0","4.65e-1","3.17e-3","PGR,ESR1"
"GOTERM_BP_DIRECT","anatomical structure formation involved in morphogenesis","2","53","30","18975","7.91e-2","4.90e-1","23.87","1.00e+0","4.65e-1","3.17e-3","FOXA1,GATA3"
"GOTERM_BP_DIRECT","microtubule bundle formation","2","53","33","18975","8.66e-2","5.31e-1","21.70","1.00e+0","5.03e-1","3.82e-3","PLK1,KIF20A"
"GOTERM_BP_DIRECT","insulin-like growth factor receptor signaling pathway","2","53","33","18975","8.66e-2","5.31e-1","21.70","1.00e+0","5.03e-1","3.82e-3","PIK3CA,AKT1"
"GOTERM_BP_DIRECT","intrinsic apoptotic signaling pathway in response to DNA damage by p53 class mediator","2","53","34","18975","8.92e-2","5.44e-1","21.06","1.00e+0","5.15e-1","4.06e-3","BRCA2,TP53"
"GOTERM_BP_DIRECT","digestive tract development","2","53","35","18975","9.17e-2","5.49e-1","20.46","1.00e+0","5.20e-1","4.29e-3","RB1,CCNB1"
"GOTERM_BP_DIRECT","cochlea development","2","53","35","18975","9.17e-2","5.49e-1","20.46","1.00e+0","5.20e-1","4.29e-3","GATA3,MCM2"
"GOTERM_BP_DIRECT","DNA biosynthetic process","2","53","35","18975","9.17e-2","5.49e-1","20.46","1.00e+0","5.20e-1","4.29e-3","TK1,TYMS"
"GOTERM_BP_DIRECT","cellular response to nerve growth factor stimulus","2","53","36","18975","9.42e-2","5.55e-1","19.89","1.00e+0","5.26e-1","4.54e-3","E2F1,AKT1"
"GOTERM_BP_DIRECT","Golgi to plasma membrane protein transport","2","53","36","18975","9.42e-2","5.55e-1","19.89","1.00e+0","5.26e-1","4.54e-3","KRT18,AKT1"
"GOTERM_BP_DIRECT","cellular response to estradiol stimulus","2","53","36","18975","9.42e-2","5.55e-1","19.89","1.00e+0","5.26e-1","4.54e-3","ESR1,EGFR"
"GOTERM_BP_DIRECT","aortic valve morphogenesis","2","53","37","18975","9.66e-2","5.64e-1","19.35","1.00e+0","5.34e-1","4.79e-3","RB1,GATA3"
"GOTERM_BP_DIRECT","negative regulation of fibroblast proliferation","2","53","37","18975","9.66e-2","5.64e-1","19.35","1.00e+0","5.34e-1","4.79e-3","MYC,TP53"
"GOTERM_BP_DIRECT","negative regulation of cell migration","3","53","192","18975","9.73e-2","5.64e-1","5.59","1.00e+0","5.35e-1","1.65e-2","CDH1,PTEN,AKT1"

